toll_booth,gantry
后里,01F-104.5N
后里,01F-112.3N
后里,01F-129.2S
后里,01F-138.9S
后里,01F-146.5N
后里,01F-157.2S
后里,01F-162.1N
后里,01F-166.4S
后里,01F-169.9S
后里,03F-112.8S
后里,03F-116.1N
后里,03F-121.5N
后里,03F-125.7N
后里,03F-133.2N
后里,03F-139.5S
后里,03F-148.5S
后里,03F-163.3N
后里,03F-165.1S
后里,03F-171.0N
后里,03F-173.9S
后里,03F-177.9N
后里,03F-186.0N
后里,03F-194.1N
后里,03F-194.4S
員林,01F-177.4N
員林,01F-180.2N
員林,01F-183.9S
員林,01F-190.6N
員林,01F-196.0N
員林,01F-201.1N
員林,01F-208.9S
員林,01F-215.6N
員林,01F-224.9S
員林,01F-232.2S
員林,01F-239.4N
員林,01F-242.5N
員林,01F-247.2S
員林,03F-199.1S
員林,03F-199.2N
員林,03F-206.6N
員林,03F-207.8N
員林,03F-207.9S
員林,03F-210.0N
員林,03F-210.0S
員林,03F-212.5N
員林,03F-212.9S
員林,03F-215.2S
員林,03F-215.3N
員林,03F-219.4N
員林,03F-223.1N
員林,03F-223.5S
員林,03F-226.0N
員林,03F-226.1S
員林,03F-230.6N
員林,03F-233.6N
員林,03F-241.5S
員林,03F-244.7S
員林,03F-253.5S
員林,03F-261.4S
員林,03T-234
新市,01F-251.4N
新市,01F-260.3N
新市,01F-267.4S
新市,01F-271.4S
新市,01F-282.7S
新市,01F-286.6S
新市,01F-293.0S
新市,01F-301.9N
新市,01F-308.3N
新市,01F-312.6S
新市,01F-318.5N
新市,01F-322.7N
新市,01F-325.2N
新市,01F-328.6N
新市,03F-270.9S
新市,03F-274.7N
新市,03F-277.7N
新市,03F-284.0S
新市,03F-289.9S
新市,03F-292.3S
新市,03F-298.5N
新市,03F-310.1N
新市,03F-318.7N
新市,03F-321.1S
新市,03F-325.9S
新市,03F-330.7N
新市,03F-339.2N
楊梅,01F-049.2N
楊梅,01F-051.1N
楊梅,01F-053.2S
楊梅,01F-055.7S
楊梅,01F-057.8S
楊梅,01F-058.4N
楊梅,01F-063.3N
楊梅,01F-066.4S
楊梅,01F-068.1S
楊梅,01F-069.9N
楊梅,01F-075.0N
楊梅,01F-088.0S
楊梅,01F-092.8S
楊梅,01F-095.0S
楊梅,01F-095.6N
楊梅,01F-097.9N
楊梅,01F-098.0S
楊梅,01H-057.9N
楊梅,01H-060.8N
楊梅,01H-061.0S
楊梅,03F-069.8S
楊梅,03F-074.6S
楊梅,03F-078.3N
楊梅,03F-084.6S
楊梅,03F-096.1N
楊梅,03F-099.6S
楊梅,03F-102.2N
楊梅,03F-105.1N
樹林,03A-001.5N
樹林,03A-004.1S
樹林,03F-000.6S
樹林,03F-002.1N
樹林,03F-005.4N
樹林,03F-008.7S
樹林,03F-011.6S
樹林,03F-013.6S
樹林,03F-014.0N
樹林,03F-015.0N
樹林,03F-015.8S
樹林,03F-020.1N
樹林,03F-020.1S
樹林,03F-021.7N
樹林,03F-021.7S
樹林,03F-030.1S
樹林,03F-033.7S
樹林,03F-033.8N
樹林,03F-039.4S
樹林,03F-044.7S
樹林,03F-049.8S
樹林,03F-052.5S
樹林,03F-055.9S
樹林,03F-064.8S
樹林,05F-000.0S
樹林,05F-000.1N
樹林,05F-005.5N
樹林,05F-028.7S
樹林,05F-030.9S
樹林,05F-043.8N
樹林,05F-043.9S
樹林,05F-049.4S
樹林,05F-052.8N
樹林,05F-R11.3S
泰山,01F-000.5N
泰山,01F-000.5S
泰山,01F-001.7S
泰山,01F-002.9S
泰山,01F-006.1S
泰山,01F-009.9N
泰山,01F-014.7N
泰山,01F-015.3N
泰山,01F-018.2S
泰山,01F-021.3N
泰山,01F-023.3N
泰山,01F-024.8S
泰山,01F-025.6N
泰山,01F-026.4S
泰山,01F-029.3S
泰山,01F-033.9S
泰山,01F-034.0N
泰山,01F-037.6N
泰山,01F-041.3N
泰山,01F-046.7N
泰山,01H-016.3S
泰山,01H-017.4N
泰山,01H-020.0N
泰山,01H-020.6S
泰山,01H-020.8N
泰山,01H-027.1N
泰山,01H-030.5S
泰山,01H-033.3N
泰山,01H-033.4S
泰山,01H-044.7N
泰山,01H-044.7S
泰山,01H-057.9S
田寮,01F-336.6S
田寮,01F-339.8N
田寮,01F-346.0S
田寮,01F-353.5S
田寮,01F-355.9N
田寮,01F-356.1S
田寮,01F-359.0N
田寮,01F-364.0N
田寮,01F-367.6N
田寮,01F-368.6S
田寮,01F-369.6N
田寮,01F-373.6S
田寮,03F-344.5S
田寮,03F-349.6N
田寮,03F-358.8N
田寮,03F-367.0S
田寮,03F-374.3S
田寮,03F-385.4N
田寮,03F-391.6S
田寮,03F-398.1S
田寮,03F-398.4N
田寮,03F-401.8S
田寮,03F-402.1N
田寮,03F-414.2N
田寮,03F-416.8N
田寮,03F-416.8S
田寮,03F-423.2S
田寮,03F-425.9N
田寮,03F-426.3S
